year,driver_id,race_points_won
1950,ader,0
1950,agabashian,0
1950,ascari,46
1950,banks,0
1950,bettenhausen,10
1950,biondetti,0
1950,bira,22
1950,bonetto,11
1950,branca,1
1950,cabantous,16
1950,cantrell,0
1950,chaboud,10
1950,chiron,17
1950,chitwood,10
1950,claes,11
1950,comotti,0
1950,crossley,2
1950,darter,0
1950,davies,0
1950,dick_rathmann,0
1950,dinsmore,0
1950,etancelin,26
1950,fagioli,87
1950,fangio,75
1950,farina,93
1950,faulkner,6
1950,flaherty,1
1950,fohr,0
1950,fry,1
1950,george_connor,4
1950,gerard,16
1950,gonzalez,1
1950,graffenried,16
1950,green,12
1950,guy_mairesse,0
1950,hampshire,2
1950,hanks,0
1950,harrison,8
1950,hartley,0
1950,hellings,0
1950,holland,18
1950,holmes,0
1950,hoyt,0
1950,jackson,0
1950,kelly,0
1950,leslie_johnson,0
1950,levegh,8
1950,levrett,0
1950,louveau,0
1950,manzon,12
1950,martin,0
1950,mcdowell,0
1950,mcgrath,0
1950,murray,4
1950,pagani,6
1950,parsons,25
1950,paul_russo,2
1950,peter_walker,0
1950,pian,0
1950,pietsch,0
1950,pozzi,8
1950,rathmann,0
1950,reg_parnell,15
1950,rol,0
1950,rolt,0
1950,rose,15
1950,rosier,60
1950,ruttman,0
1950,sanesi,0
1950,schell,4
1950,schindler,0
1950,serafini,18
1950,shawe_taylor,1
1950,sommer,13
1950,taruffi,0
1950,trintignant,0
1950,villoresi,12
1950,wallard,8
1950,walt_brown,0
1950,webb,0
1950,whitehead,21
1951,abecassis,0
1951,agabashian,0
1951,andre_pilette,8
1951,ascari,106
1951,ayulo,15
1951,ball,10
1951,banks,8
1951,bettenhausen,2
1951,bira,0
1951,bonetto,37
1951,branca,0
1951,cabantous,20
1951,chaboud,4
1951,chiron,15
1951,claes,6
1951,darter,4
1951,davies,0
1951,dinsmore,0
1951,duncan_hamilton,0
1951,etancelin,5
1951,fagioli,25
1951,fangio,114
1951,farina,80
1951,faulkner,0
1951,fischer,8
1951,forberg,6
1951,force,0
1951,george_connor,0
1951,gerard,0
1951,godia,1
1951,gonzalez,94
1951,gordini,0
1951,graffenried,18
1951,green,0
1951,griffith,0
1951,grignard,0
1951,guy_mairesse,2
1951,hanks,0
1951,hellings,0
1951,hirt,0
1951,james,0
1951,john_james,0
1951,jover,0
1951,kelly,0
1951,landi,0
1951,levegh,6
1951,linden,12
1951,louveau,0
1951,mackey,0
1951,manzon,8
1951,marimon,0
1951,mcdowell,0
1951,mcgrath,15
1951,miller,0
1951,moss,4
1951,murray,0
1951,nalon,1
1951,nazaruk,18
1951,parker,0
1951,parsons,0
1951,peter_walker,6
1951,pietsch,0
1951,reg_parnell,22
1951,richardson,0
1951,rol,2
1951,rose,0
1951,rosier,31
1951,ruttman,0
1951,sanesi,21
1951,scarborough,0
1951,schell,0
1951,schindler,0
1951,shawe_taylor,4
1951,simon,8
1951,stevenson,0
1951,swaters,1
1951,taruffi,38
1951,trintignant,0
1951,villoresi,69
1951,vukovich,0
1951,wallard,25
1951,walt_brown,0
1951,ward,0
1951,whitehead,2
1952,abecassis,0
1952,agabashian,0
1952,alan_brown,18
1952,ascari,150
1952,aston,0
1952,ayulo,0
1952,ball,0
1952,balsa,0
1952,banks,0
1952,bayol,0
1952,bechem,0
1952,behra,31
1952,bettenhausen,0
1952,bianco,0
1952,bira,3
1952,bob_scott,0
1952,bonetto,10
1952,brandon,6
1952,brudes,0
1952,bryan,8
1952,cabantous,1
1952,cantoni,0
1952,carini,0
1952,charrington,0
1952,claes,5
1952,collins,8
1952,comotti,0
1952,crespo,0
1952,crook,0
1952,cross,10
1952,darter,12
1952,downing,2
1952,duncan_hamilton,6
1952,dusio,0
1952,etancelin,4
1952,farina,93
1952,fischer,33
1952,flinterman,2
1952,fonder,0
1952,frere,10
1952,gaze,0
1952,george_connor,4
1952,gonzalez,18
1952,graffenried,8
1952,graham_whitehead,0
1952,griffith,2
1952,hanks,15
1952,hans_stuck,0
1952,hartley,0
1952,hawthorn,39
1952,heeks,0
1952,helfrich,0
1952,hirt,6
1952,james,0
1952,johnson,0
1952,klenk,0
1952,klodwig,0
1952,krause,0
1952,landi,6
1952,laurent,8
1952,legat,0
1952,linden,0
1952,lof,0
1952,macklin,6
1952,manzon,37
1952,mcalpine,0
1952,mcdowell,0
1952,mcgrath,0
1952,miller,0
1952,moss,0
1952,murray,0
1952,nalon,0
1952,niedermayr,2
1952,obrien,0
1952,parsons,1
1952,peters,0
1952,pietsch,0
1952,poore,12
1952,rathmann,18
1952,reece,6
1952,reg_parnell,6
1952,riess,6
1952,rigsby,0
1952,rol,0
1952,rosier,1
1952,ruttman,25
1952,salvadori,4
1952,schell,0
1952,schindler,0
1952,schoeller,0
1952,simon,9
1952,stevenson,0
1952,sweikert,0
1952,taruffi,76
1952,terra,0
1952,thompson,10
1952,tornaco,6
1952,trintignant,18
1952,ulmen,4
1952,villoresi,30
1952,vukovich,0
1952,ward,0
1952,webb,0
1952,wharton,15
1952,whitehead,1
1953,adolff,0
1953,agabashian,12
1953,alan_brown,2
1953,andre_pilette,0
1953,ascari,141
1953,ayulo,0
1953,barth,0
1953,bauer,0
1953,bayol,0
1953,bechem,0
1953,behra,9
1953,bettenhausen,2
1953,bira,6
1953,birger,0
1953,bob_scott,0
1953,bonetto,47
1953,bryan,0
1953,cabantous,0
1953,carini,0
1953,chiron,1
1953,claes,0
1953,collins,4
1953,crook,0
1953,cross,18
1953,cruz,0
1953,darter,15
1953,davies,1
1953,daywalt,8
1953,dinsmore,0
1953,duncan_hamilton,0
1953,fairman,0
1953,fangio,91
1953,farina,104
1953,faulkner,0
1953,fitch,0
1953,fitzau,0
1953,flaherty,0
1953,freeland,0
1953,frere,1
1953,galvez,10
1953,georges_berger,0
1953,gerard,0
1953,gonzalez,57
1953,graffenried,38
1953,hanks,15
1953,hans_stuck,0
1953,hartley,2
1953,hawthorn,109
1953,heeks,0
1953,helfrich,0
1953,herrmann,2
1953,hirt,0
1953,holland,0
1953,holmes,0
1953,hoyt,0
1953,ian_stewart,0
1953,jimmy_stewart,0
1953,john_barber,4
1953,johnson,6
1953,karch,0
1953,klodwig,0
1953,krause,0
1953,landi,1
1953,lang,10
1953,legat,0
1953,linden,0
1953,loof,0
1953,macklin,0
1953,maglioli,4
1953,mantovani,6
1953,mantz,0
1953,manzon,1
1953,marimon,17
1953,mcalpine,0
1953,mccoy,4
1953,mcgrath,10
1953,menditeguy,0
1953,mieres,8
1953,moss,10
1953,musso,6
1953,nalon,0
1953,nazaruk,0
1953,niday,0
1953,nuckey,0
1953,parsons,0
1953,paul_russo,12
1953,rathmann,6
1953,rolt,0
1953,rosier,16
1953,salvadori,0
1953,scarborough,0
1953,schell,14
1953,scherrer,2
1953,seidel,0
1953,stevenson,2
1953,swaters,6
1953,sweikert,0
1953,teague,0
1953,terra,4
1953,thomson,0
1953,trintignant,34
1953,villoresi,72
1953,vukovich,25
1953,wacker,2
1953,ward,0
1953,webb,0
1953,wharton,10
1953,whitehead,2
1954,agabashian,8
1954,alan_brown,0
1954,andre_pilette,12
1954,armi,0
1954,ascari,0
1954,ayulo,0
1954,bayol,10
1954,beauman,0
1954,behra,11
1954,bettenhausen,0
1954,bira,28
1954,bob_scott,0
1954,brandon,0
1954,bryan,18
1954,bucci,0
1954,collins,6
1954,connor,0
1954,crockett,2
1954,cross,0
1954,daponte,0
1954,darter,12
1954,davies,0
1954,daywalt,0
1954,duncan,0
1954,elisian,0
1954,fangio,177
1954,farina,22
1954,faulkner,0
1954,flaherty,0
1954,flockhart,0
1954,fonder,0
1954,freeland,6
1954,frere,8
1954,georges_berger,0
1954,gerard,1
1954,godia,8
1954,gonzalez,103
1954,gould,0
1954,graffenried,4
1954,hanks,0
1954,hartley,0
1954,hawthorn,91
1954,helfrich,0
1954,herrmann,27
1954,homeier,0
1954,hoyt,4
1954,jackson,0
1954,johnson,0
1954,kladis,0
1954,kling,48
1954,lang,0
1954,linden,0
1954,loyer,0
1954,macklin,0
1954,maglioli,23
1954,mantovani,29
1954,manzon,17
1954,marimon,16
1954,marr,0
1954,mccoy,0
1954,mcgrath,15
1954,menditeguy,0
1954,mieres,32
1954,moss,16
1954,musso,18
1954,nazaruk,10
1954,niday,1
1954,nuckey,0
1954,parsons,0
1954,paul_russo,4
1954,pollet,0
1954,rathmann,0
1954,reece,0
1954,reg_parnell,0
1954,riseley_prichard,0
1954,riu,0
1954,rosier,16
1954,ruttman,12
1954,salvadori,0
1954,schell,14
1954,stevenson,0
1954,swaters,4
1954,sweikert,0
1954,taruffi,8
1954,teague,0
1954,thomson,0
1954,thorne,0
1954,trintignant,70
1954,villoresi,10
1954,volonterio,0
1954,vukovich,25
1954,wacker,8
1954,ward,0
1954,webb,0
1954,wharton,16
1954,whitehead,0
1954,whitehouse,0
1955,agabashian,0
1955,andrews,0
1955,ascari,0
1955,bayol,0
1955,behra,58
1955,bettenhausen,18
1955,birger,0
1955,boyd,0
1955,bryan,0
1955,bucci,2
1955,castellotti,51
1955,chiron,8
1955,claes,0
1955,collins,0
1955,connor,4
1955,cross,0
1955,darter,0
1955,davies,15
1955,daywalt,2
1955,elisian,0
1955,fairman,0
1955,fangio,118
1955,farina,60
1955,faulkner,10
1955,fitch,2
1955,flaherty,1
1955,freeland,0
1955,frere,16
1955,gonzalez,18
1955,gould,0
1955,hanks,0
1955,hawthorn,15
1955,herman,6
1955,herrmann,12
1955,homeier,10
1955,hoyt,0
1955,iglesias,1
1955,jack_brabham,0
1955,johnson,0
1955,keller,0
1955,kling,28
1955,linden,8
1955,lucas,0
1955,macklin,4
1955,maglioli,23
1955,mantovani,10
1955,manzon,0
1955,marr,0
1955,mcalpine,0
1955,mcgrath,0
1955,menditeguy,12
1955,mieres,38
1955,moss,75
1955,musso,41
1955,niday,0
1955,parsons,0
1955,paul_russo,18
1955,perdisa,20
1955,peter_walker,0
1955,piotti,0
1955,pollet,7
1955,ramos,4
1955,rathmann,0
1955,ray_crawford,0
1955,reece,0
1955,rolt,0
1955,rosier,4
1955,russo,0
1955,salvadori,0
1955,schell,18
1955,simon,0
1955,sparken,6
1955,sweikert,25
1955,taruffi,34
1955,templeman,0
1955,thomson,12
1955,trintignant,71
1955,uria,0
1955,villoresi,10
1955,vukovich,0
1955,ward,0
1955,weyant,0
1955,wharton,2
1955,whiteaway,0
1956,agabashian,0
1956,andre_pilette,16
1956,andrews,0
1956,bayol,8
1956,behra,84
1956,bettenhausen,0
1956,bonnier,0
1956,boyd,0
1956,brooks,0
1956,bryan,0
1956,castellotti,35
1956,chapman,0
1956,chiron,0
1956,christie,0
1956,collins,108
1956,connor,0
1956,daywalt,0
1956,dick_rathmann,10
1956,dinsmore,0
1956,elisian,0
1956,emery,0
1956,fairman,22
1956,fangio,141
1956,flaherty,25
1956,flockhart,15
1956,freeland,15
1956,frere,18
1956,garrett,0
1956,gendebien,10
1956,gerard,0
1956,gerini,13
1956,godia,34
1956,gonzalez,0
1956,gould,14
1956,graffenried,6
1956,griffith,1
1956,halford,8
1956,hanks,18
1956,hartley,0
1956,hawthorn,16
1956,herman,0
1956,jack_brabham,0
1956,johnson,0
1956,keller,0
1956,landi,12
1956,leston,0
1956,linden,0
1956,maglioli,0
1956,manzon,6
1956,menditeguy,1
1956,milhoux,4
1956,moss,99
1956,musso,25
1956,oscar_gonzalez,8
1956,parsons,12
1956,paul_russo,0
1956,perdisa,37
1956,piotti,10
1956,portago,21
1956,ramos,14
1956,rathmann,0
1956,ray_crawford,0
1956,reece,2
1956,rosier,23
1956,russo,0
1956,ruttman,0
1956,salvadori,0
1956,scarlatti,0
1956,schell,14
1956,scott_Brown,0
1956,scotti,0
1956,simon,2
1956,sweikert,8
1956,taruffi,0
1956,thomson,0
1956,titterington,0
1956,tolan,0
1956,trintignant,1
1956,trips,0
1956,turner,0
1956,uria,8
1956,veith,6
1956,villoresi,18
1956,volonterio,6
1956,ward,4
1957,agabashian,0
1957,barth,0
1957,beaufort,0
1957,behra,35
1957,bettenhausen,0
1957,bonnier,6
1957,boyd,8
1957,brooks,51
1957,bryan,15
1957,bueb,4
1957,castellotti,0
1957,cheesbourg,0
1957,christie,0
1957,collins,50
1957,connor,4
1957,daywalt,0
1957,edmunds,0
1957,elisian,0
1957,england,0
1957,fairman,0
1957,fangio,136
1957,flockhart,2
1957,freeland,0
1957,george,0
1957,gerard,8
1957,gibson,0
1957,godia,4
1957,gonzalez,10
1957,gould,1
1957,gregory,43
1957,halford,1
1957,hanks,25
1957,hartley,1
1957,hawthorn,59
1957,herman,0
1957,herrmann,0
1957,jack_brabham,22
1957,johnson,0
1957,keller,0
1957,leston,0
1957,lewis-evans,30
1957,linden,10
1957,macdowel,6
1957,mackay-fraser,0
1957,magill,0
1957,maglioli,0
1957,marsh,0
1957,menditeguy,20
1957,moss,89
1957,musso,56
1957,naylor,0
1957,parsons,0
1957,paul_russo,12
1957,perdisa,8
1957,piotti,1
1957,portago,10
1957,rathmann,18
1957,reece,0
1957,russo,0
1957,ruttman,0
1957,sachs,0
1957,salvadori,11
1957,scarlatti,23
1957,schell,57
1957,simon,0
1957,teague,6
1957,thomson,0
1957,tolan,0
1957,tomaso,2
1957,trintignant,22
1957,trips,29
1957,turner,0
1957,veith,2
1957,volonterio,0
1957,ward,0
1957,weyant,0
1958,allison,36
1958,barth,8
1958,beaufort,0
1958,behra,38
1958,bettenhausen,12
1958,bisch,0
1958,bonnier,23
1958,boyd,15
1958,bridger,0
1958,brooks,81
1958,bryan,25
1958,bueb,0
1958,burgess,6
1958,cabianca,2
1958,cheesbourg,1
1958,chiron,0
1958,christie,0
1958,collins,51
1958,connor,0
1958,dempsey_wilson,0
1958,dick_rathmann,0
1958,ecclestone,0
1958,elisian,0
1958,emery,0
1958,fairman,4
1958,fangio,24
1958,filippis,5
1958,flockhart,0
1958,foyt,0
1958,freeland,6
1958,garrett,0
1958,gendebien,8
1958,george_amick,18
1958,gerini,2
1958,gibson,0
1958,godia,4
1958,goethals,0
1958,goldsmith,0
1958,gould,2
1958,gregory,20
1958,guelfi,0
1958,hawthorn,140
1958,herrmann,2
1958,hill,10
1958,jack_brabham,38
1958,jerry_unser,0
1958,johnson,2
1958,kavanagh,0
1958,keller,0
1958,kessler,0
1958,la_caze,0
1958,larson,4
1958,lewis-evans,42
1958,magill,0
1958,marsh,4
1958,mclaren,10
1958,menditeguy,6
1958,moss,118
1958,musso,42
1958,naylor,0
1958,parsons,0
1958,paul_russo,0
1958,phil_hill,38
1958,picard,0
1958,piotti,0
1958,rathmann,10
1958,reece,8
1958,ruttman,1
1958,sachs,0
1958,salvadori,68
1958,scarlatti,0
1958,schell,74
1958,seidel,0
1958,shelby,15
1958,stacey,0
1958,sutton,0
1958,taramazzo,0
1958,templeman,0
1958,testut,0
1958,thomson,0
1958,tolan,0
1958,trintignant,56
1958,trips,44
1958,turner,0
1958,veith,0
1958,ward,0
1958,weyant,0
1959,Changy,0
1959,allison,16
1959,amick,0
1959,arnold,0
1959,ashdown,0
1959,beaufort,3
1959,behra,10
1959,bettenhausen,12
1959,bianchi,0
1959,bill_moss,0
1959,blanchard,6
1959,bonnier,40
1959,boyd,8
1959,branson,0
1959,bristow,1
1959,brooks,85
1959,bryan,0
1959,bueb,0
1959,burgess,8
1959,cabianca,0
1959,cabral,1
1959,cade,0
1959,cheesbourg,0
1959,christie,0
1959,constantine,0
1959,darter,6
1959,davis,0
1959,daywalt,0
1959,dennis_taylor,0
1959,dick_rathmann,0
1959,fairman,0
1959,filippis,0
1959,flaherty,0
1959,flockhart,18
1959,fontes,0
1959,foyt,1
1959,freeland,0
1959,gendebien,20
1959,goldsmith,10
1959,greene,0
1959,gregory,40
1959,grim,0
1959,gurney,45
1959,halford,0
1959,hartley,0
1959,henry_taylor,0
1959,herman,0
1959,herrmann,2
1959,hill,8
1959,ireland,22
1959,jack_brabham,110
1959,johnson,4
1959,keller,0
1959,larson,0
1959,lovely,0
1959,lucienbonnet,0
1959,magill,0
1959,mclaren,64
1959,mcwithey,0
1959,mike_taylor,0
1959,moss,74
1959,naylor,0
1959,orey,1
1959,parkes,0
1959,parnell,0
1959,paul_russo,2
1959,phil_hill,71
1959,piper,0
1959,rathmann,18
1959,ray_crawford,0
1959,sachs,0
1959,said,0
1959,salvadori,26
1959,scarlatti,4
1959,schell,42
1959,shelby,5
1959,stacey,4
1959,sutton,0
1959,testut,0
1959,thomson,15
1959,tomaso,0
1959,trevor_taylor,0
1959,trintignant,73
1959,trips,8
1959,turner,0
1959,veith,0
1959,ward,26
1959,weyant,0
1960,allison,18
1960,amick,0
1960,barth,6
1960,beaufort,4
1960,bettenhausen,0
1960,bianchi,8
1960,bonnier,27
1960,bonomi,0
1960,boyd,0
1960,branson,12
1960,bristow,0
1960,brooks,32
1960,bryan,0
1960,burgess,1
1960,cabianca,12
1960,cabral,2
1960,chimeri,0
1960,christie,1
1960,clark,35
1960,creus,0
1960,daigh,1
1960,darter,0
1960,dempsey_wilson,0
1960,dick_rathmann,0
1960,drake,0
1960,drogo,4
1960,estefano,0
1960,fairman,0
1960,flockhart,8
1960,force,0
1960,foyt,0
1960,freeland,0
1960,gamble,1
1960,gendebien,41
1960,ginther,34
1960,goldsmith,15
1960,gonzalez,1
1960,gould,0
1960,greene,0
1960,gregory,2
1960,grim,0
1960,gurney,2
1960,halford,4
1960,hall,6
1960,hartley,0
1960,henry_taylor,22
1960,herman,0
1960,herrmann,8
1960,hill,27
1960,homeier,0
1960,hurtubise,0
1960,ireland,75
1960,jack_brabham,137
1960,johnson,8
1960,larreta,2
1960,lovely,0
1960,mairesse,17
1960,mclaren,121
1960,mcwithey,0
1960,menditeguy,12
1960,mike_taylor,0
1960,moss,81
1960,munaron,0
1960,naylor,0
1960,owen,0
1960,phil_hill,70
1960,piper,0
1960,rathmann,25
1960,reventlow,0
1960,ruby,6
1960,russo,0
1960,ruttman,0
1960,sachs,0
1960,salvadori,4
1960,scarlatti,0
1960,schell,0
1960,seidel,2
1960,stacey,6
1960,stevenson,0
1960,surtees,19
1960,sutton,0
1960,templeman,0
1960,thiele,0
1960,thomson,10
1960,tingelstad,2
1960,trintignant,15
1960,trips,57
1960,veith,4
1960,vic_wilson,0
1960,ward,18
1960,weiler,0
1961,allison,4
1961,andre_pilette,0
1961,ashmore,0
1961,baghetti,25
1961,bandini,4
1961,barth,0
1961,beaufort,6
1961,bianchi,0
1961,boffa,0
1961,bonnier,30
1961,bordeu,0
1961,brooks,29
1961,burgess,0
1961,bussinello,0
1961,campbell-jones,0
1961,clark,49
1961,collomb,0
1961,duke,0
1961,fairman,0
1961,gendebien,12
1961,ginther,62
1961,greene,0
1961,gregory,1
1961,gurney,85
1961,hall,0
1961,hansgen,0
1961,henry_taylor,1
1961,herrmann,2
1961,hill,22
1961,ireland,38
1961,jack_brabham,20
1961,ken_miles,0
1961,lewis,16
1961,lippi,0
1961,maggs,0
1961,mairesse,0
1961,marsh,0
1961,may,0
1961,mclaren,57
1961,monteverdi,0
1961,moss,66
1961,natili,0
1961,naylor,0
1961,parnell,1
1961,penske,4
1961,phil_hill,118
1961,pirocchi,0
1961,prinoth,0
1961,ricardo_rodriguez,0
1961,ruby,0
1961,ryan,2
1961,salvadori,21
1961,scarlatti,0
1961,seidel,0
1961,sharp,1
1961,starrabba,0
1961,surtees,26
1961,thiele,0
1961,trevor_taylor,0
1961,trintignant,8
1961,trips,98
1961,vaccarella,0
1962,abate,0
1962,arundell,0
1962,ashmore,0
1962,baghetti,23
1962,bandini,19
1962,beaufort,23
1962,bianchi,2
1962,bonnier,31
1962,burgess,0
1962,bussinello,0
1962,campbell-jones,0
1962,chamberlain,0
1962,clark,90
1962,collomb,0
1962,davis,0
1962,estefano,0
1962,ginther,43
1962,greene,0
1962,gregory,14
1962,gurney,52
1962,hall,0
1962,harris,0
1962,hill,158
1962,hocking,0
1962,ireland,16
1962,jack_brabham,46
1962,johnstone,2
1962,kuhnke,0
1962,lederle,8
1962,lewis,5
1962,lippi,0
1962,love,4
1962,maggs,65
1962,mairesse,18
1962,marsh,0
1962,mayer,0
1962,mclaren,110
1962,penske,2
1962,phil_hill,48
1962,pieterse,1
1962,pon,0
1962,prinoth,0
1962,ricardo_rodriguez,21
1962,salvadori,0
1962,schiller,0
1962,schroeder,1
1962,seidel,0
1962,seiffert,0
1962,serrurier,0
1962,settember,0
1962,sharp,0
1962,shelly,0
1962,siffert,1
1962,slotemaker,0
1962,surtees,68
1962,tingle,0
1962,trevor_taylor,26
1962,trintignant,10
1962,vaccarella,2
1962,vyver,0
1962,walter,0
1963,abate,0
1963,amon,12
1963,anderson,0
1963,andre_pilette,0
1963,arundell,0
1963,baghetti,0
1963,bandini,31
1963,beaufort,21
1963,bianchi,0
1963,blokdyk,0
1963,bonnier,52
1963,broeker,6
1963,burgess,0
1963,cabral,0
1963,campbell-jones,0
1963,clark,212
1963,collomb,1
1963,dochnal,0
1963,driver,0
1963,ernesto_brambilla,0
1963,estefano,0
1963,ginther,118
1963,gregory,0
1963,gurney,69
1963,hailwood,5
1963,hall,31
1963,hansgen,0
1963,hill,108
1963,ireland,27
1963,jack_brabham,60
1963,klerk,0
1963,kuhnke,0
1963,lederle,0
1963,lippi,0
1963,love,2
1963,maggs,50
1963,mairesse,0
1963,mclaren,60
1963,mitter,12
1963,monarch,0
1963,niemann,0
1963,parnell,0
1963,phil_hill,0
1963,pieterse,0
1963,prophet,0
1963,raby,0
1963,rodriguez,0
1963,scarfiotti,8
1963,seiffert,0
1963,serrurier,0
1963,settember,4
1963,sharp,6
1963,siffert,18
1963,solana,0
1963,spence,0
1963,starrabba,0
1963,surtees,74
1963,tingle,0
1963,trevor_taylor,17
1963,trintignant,6
1963,vos,0
1963,ward,0
1964,amon,11
1964,anderson,35
1964,andre_pilette,0
1964,arundell,44
1964,attwood,0
1964,baghetti,15
1964,bandini,83
1964,barth,0
1964,beaufort,0
1964,bonnier,20
1964,bucknum,0
1964,cabral,0
1964,clark,103
1964,collomb,0
1964,gardner,0
1964,geki,0
1964,ginther,96
1964,gurney,62
1964,hailwood,20
1964,hansgen,10
1964,hill,126
1964,ireland,22
1964,jack_brabham,44
1964,love,0
1964,maggs,20
1964,mclaren,56
1964,mitter,2
1964,phil_hill,22
1964,raby,0
1964,revson,0
1964,rindt,1
1964,rodriguez,8
1964,scarfiotti,2
1964,sharp,1
1964,siffert,37
1964,solana,1
1964,spence,26
1964,surtees,119
1964,taylor,0
1964,trevor_taylor,14
1964,trintignant,10
1965,amon,0
1965,anderson,4
1965,attwood,17
1965,baghetti,0
1965,bandini,62
1965,bassi,0
1965,bianchi,0
1965,blignaut,0
1965,blokdyk,0
1965,bondurant,2
1965,bonnier,28
1965,bucknum,10
1965,bussinello,0
1965,charlton,0
1965,clapham,0
1965,clark,151
1965,gardner,4
1965,geki,0
1965,ginther,47
1965,gregory,4
1965,gubby,0
1965,gurney,90
1965,hailwood,0
1965,hawkins,3
1965,hill,153
1965,hulme,26
1965,ireland,3
1965,jack_brabham,41
1965,klerk,1
1965,lederle,0
1965,love,0
1965,maggs,0
1965,mclaren,47
1965,mitter,0
1965,niemann,0
1965,pieterse,0
1965,pretorius,0
1965,prophet,0
1965,puzey,0
1965,raby,0
1965,reed,0
1965,rhodes,0
1965,rindt,24
1965,rodriguez,16
1965,rollinson,0
1965,scarfiotti,0
1965,serrurier,0
1965,siffert,41
1965,solana,1
1965,spence,55
1965,stewart,112
1965,surtees,68
1965,tingle,0
1965,vaccarella,0
1966,amon,4
1966,anderson,14
1966,arundell,22
1966,baghetti,1
1966,bandini,49
1966,bondurant,20
1966,bonnier,22
1966,bucknum,5
1966,clark,57
1966,geki,2
1966,ginther,36
1966,gurney,32
1966,hill,60
1966,hulme,63
1966,ireland,6
1966,irwin,6
1966,jack_brabham,130
1966,lawrence,0
1966,ligier,21
1966,mclaren,19
1966,parkes,36
1966,phil_hill,0
1966,rindt,87
1966,rodriguez,3
1966,scarfiotti,25
1966,siffert,14
1966,solana,0
1966,spence,25
1966,stewart,51
1966,surtees,83
1966,taylor,16
1966,trevor_taylor,0
1966,vic_wilson,0
1967,ahrens,0
1967,amon,94
1967,anderson,16
1967,attwood,1
1967,baghetti,1
1967,bandini,6
1967,beltoise,12
1967,bonnier,21
1967,botha,4
1967,charlton,6
1967,clark,125
1967,courage,5
1967,fisher,0
1967,gavin,0
1967,ginther,0
1967,gurney,42
1967,hahne,0
1967,hart,0
1967,hill,52
1967,hobbs,7
1967,hulme,161
1967,ickx,8
1967,irwin,24
1967,jack_brabham,152
1967,jo_schlesser,0
1967,ligier,12
1967,love,18
1967,mclaren,18
1967,moser,0
1967,oliver,10
1967,parkes,10
1967,pease,0
1967,rees,8
1967,rindt,25
1967,rodriguez,63
1967,scarfiotti,8
1967,siffert,33
1967,solana,0
1967,spence,52
1967,stewart,34
1967,surtees,77
1967,tingle,2
1967,tom_jones,0
1967,wietzes,0
1967,williams,4
1968,adamich,0
1968,ahrens,0
1968,amon,45
1968,attwood,30
1968,bell,0
1968,beltoise,60
1968,bianchi,26
1968,bonnier,22
1968,brack,0
1968,charlton,0
1968,clark,25
1968,courage,38
1968,elford,26
1968,gardner,0
1968,gavin,20
1968,gurney,14
1968,hahne,1
1968,hill,143
1968,hobbs,1
1968,hulme,121
1968,ickx,94
1968,jack_brabham,16
1968,jo_schlesser,0
1968,love,2
1968,mario_andretti,0
1968,mclaren,87
1968,moser,10
1968,oliver,26
1968,pescarolo,2
1968,pretorius,1
1968,redman,15
1968,rindt,32
1968,rodriguez,75
1968,rooyen,0
1968,scarfiotti,24
1968,siffert,69
1968,solana,0
1968,spence,0
1968,stewart,126
1968,surtees,61
1968,tingle,0
1968,unser,0
1968,widdows,0
1969,amon,20
1969,attwood,12
1969,bell,0
1969,beltoise,93
1969,bonnier,1
1969,brack,4
1969,cordts,0
1969,courage,57
1969,eaton,1
1969,elford,25
1969,gavin,18
1969,hill,83
1969,hulme,88
1969,ickx,126
1969,jack_brabham,55
1969,klerk,2
1969,love,0
1969,lovely,8
1969,mario_andretti,0
1969,mclaren,102
1969,miles,1
1969,moser,14
1969,oliver,18
1969,pease,0
1969,rindt,73
1969,rodriguez,30
1969,rooyen,0
1969,siffert,67
1969,stewart,182
1969,surtees,27
1969,tingle,4
1970,adamich,4
1970,amon,95
1970,bell,8
1970,beltoise,75
1970,bonnier,0
1970,cevert,22
1970,charlton,0
1970,courage,1
1970,eaton,1
1970,emerson_fittipaldi,41
1970,galli,0
1970,gavin,10
1970,gethin,11
1970,giunti,18
1970,gurney,8
1970,hahne,0
1970,hill,40
1970,hulme,105
1970,hutchison,0
1970,ickx,124
1970,jack_brabham,84
1970,klerk,0
1970,love,4
1970,lovely,1
1970,mario_andretti,15
1970,mclaren,18
1970,miles,20
1970,moser,0
1970,oliver,17
1970,pescarolo,65
1970,peterson,12
1970,redman,0
1970,regazzoni,103
1970,rindt,125
1970,rodriguez,86
1970,roig,0
1970,schenken,0
1970,siffert,19
1970,stewart,78
1970,stommelen,55
1970,surtees,32
1970,westbury,0
1970,wisell,16
1971,Cannoc,0
1971,adamich,0
1971,amon,44
1971,barber,0
1971,bell,0
1971,beltoise,26
1971,beuttler,0
1971,bonnier,1
1971,cevert,91
1971,charlton,0
1971,craft,0
1971,donohue,15
1971,eaton,0
1971,elford,0
1971,emerson_fittipaldi,68
1971,galli,0
1971,ganley,34
1971,gethin,34
1971,hailwood,12
1971,hill,21
1971,hobbs,1
1971,hulme,42
1971,ickx,66
1971,jarier,0
1971,jean,0
1971,lauda,0
1971,lennep,4
1971,love,0
1971,lovely,0
1971,mario_andretti,37
1971,marko,0
1971,mazet,0
1971,moser,0
1971,oliver,8
1971,pescarolo,24
1971,peterson,114
1971,posey,0
1971,pretorius,0
1971,redman,6
1971,regazzoni,53
1971,revson,0
1971,rodriguez,32
1971,roig,0
1971,schenken,26
1971,siffert,69
1971,stewart,178
1971,stommelen,25
1971,surtees,34
1971,walker,0
1971,wisell,46
1972,adamich,18
1972,amon,61
1972,barber,0
1972,bell,0
1972,beltoise,35
1972,beuttler,5
1972,brack,0
1972,cevert,53
1972,charlton,0
1972,depailler,6
1972,emerson_fittipaldi,176
1972,galli,0
1972,ganley,27
1972,gethin,8
1972,hailwood,50
1972,hill,32
1972,hulme,137
1972,ickx,90
1972,lauda,9
1972,love,0
1972,mario_andretti,26
1972,marko,6
1972,merzario,8
1972,migault,0
1972,oliver,0
1972,pace,20
1972,pescarolo,4
1972,peterson,65
1972,posey,0
1972,redman,22
1972,regazzoni,59
1972,reutemann,22
1972,revson,91
1972,roig,0
1972,scheckter,2
1972,schenken,20
1972,stewart,136
1972,stommelen,2
1972,surtees,0
1972,walker,3
1972,wilson_fittipaldi,18
1972,wisell,1
1973,adamich,22
1973,amon,9
1973,beltoise,44
1973,beuttler,12
1973,bueno,0
1973,cevert,156
1973,charlton,0
1973,emerson_fittipaldi,175
1973,follmer,25
1973,galli,2
1973,ganley,19
1973,gethin,0
1973,hailwood,13
1973,hill,3
1973,hulme,117
1973,hunt,61
1973,ickx,69
1973,jarier,0
1973,keizan,0
1973,lauda,16
1973,lennep,10
1973,mass,6
1973,mcrae,0
1973,merzario,38
1973,oliver,20
1973,opel,0
1973,pace,38
1973,pescarolo,5
1973,peterson,151
1973,pretorius,0
1973,purley,2
1973,redman,0
1973,regazzoni,41
1973,reutemann,80
1973,revson,139
1973,scheckter,2
1973,schenken,0
1973,stewart,221
1973,stommelen,0
1973,watson,0
1973,williamson,0
1973,wilson_fittipaldi,19
1973,wisell,0
1974,amon,2
1974,ashley,0
1974,bell,0
1974,belso,4
1974,beltoise,40
1974,brambilla,13
1974,charlton,0
1974,depailler,78
1974,dolhem,0
1974,donohue,0
1974,driver,0
1974,edwards,10
1974,emerson_fittipaldi,182
1974,facetti,0
1974,ganley,4
1974,gethin,0
1974,hailwood,63
1974,hill,28
1974,hobbs,8
1974,hulme,91
1974,hunt,60
1974,ian_scheckter,0
1974,ickx,50
1974,jabouille,0
1974,jarier,34
1974,keizan,0
1974,kinnunen,0
1974,koinigg,1
1974,laffite,0
1974,larrousse,0
1974,lauda,114
1974,lennep,0
1974,lombardi,0
1974,mario_andretti,6
1974,mass,6
1974,merzario,22
1974,migault,0
1974,nicholson,0
1974,opel,4
1974,pace,46
1974,perkins,0
1974,pescarolo,4
1974,peterson,115
1974,pilette,0
1974,pryce,13
1974,purley,0
1974,quester,2
1974,redman,6
1974,regazzoni,173
1974,reutemann,112
1974,revson,0
1974,robarts,0
1974,roos,0
1974,scheckter,152
1974,schenken,2
1974,schuppan,0
1974,stommelen,0
1974,stuck,28
1974,watson,42
1974,wietzes,0
1974,wilds,0
1974,wisell,0
1975,amon,0
1975,ashley,0
1975,brambilla,51
1975,brise,26
1975,charlton,0
1975,crawford,0
1975,depailler,67
1975,donohue,35
1975,emerson_fittipaldi,146
1975,ertl,6
1975,evans,2
1975,fushida,0
1975,henton,0
1975,hill,1
1975,hunt,121
1975,ian_scheckter,0
1975,ickx,28
1975,jabouille,0
1975,jarier,16
1975,jones,11
1975,keizan,0
1975,laffite,18
1975,lauda,213
1975,leclere,0
1975,lennep,9
1975,lombardi,14
1975,lunger,1
1975,magee,0
1975,mario_andretti,29
1975,mass,104
1975,merzario,0
1975,migault,0
1975,morgan,0
1975,nicholson,0
1975,pace,84
1975,palm,1
1975,peterson,36
1975,pryce,53
1975,regazzoni,97
1975,reutemann,136
1975,scheckter,88
1975,schuppan,0
1975,stommelen,7
1975,stuck,4
1975,trimmer,0
1975,tunmer,0
1975,vonlanthen,0
1975,watson,9
1975,wilds,0
1975,wilson_fittipaldi,1
1975,wunderink,0
1975,zorzi,0
1976,amon,14
1976,andersson,0
1976,ashley,0
1976,binder,0
1976,brambilla,19
1976,brown,0
1976,depailler,136
1976,edwards,0
1976,emerson_fittipaldi,26
1976,ertl,14
1976,evans,1
1976,galica,0
1976,hasemi,0
1976,hayje,0
1976,hoffmann,0
1976,hoshino,0
1976,hunt,206
1976,ian_scheckter,0
1976,ickx,12
1976,jarier,17
1976,jones,43
1976,kessel,0
1976,laffite,78
1976,lauda,207
1976,leclere,1
1976,lombardi,0
1976,lunger,1
1976,magee,0
1976,mario_andretti,83
1976,mass,96
1976,merzario,2
1976,nelleman,0
1976,neve,0
1976,nilsson,48
1976,pace,51
1976,perkins,4
1976,pescarolo,2
1976,pesenti_rossi,0
1976,peterson,42
1976,pryce,70
1976,regazzoni,119
1976,reutemann,14
1976,ribeiro,0
1976,scheckter,171
1976,stommelen,8
1976,stuck,40
1976,stuppacher,0
1976,takahara,2
1976,trimmer,0
1976,villota,0
1976,watson,87
1976,wilds,0
1976,zapico,0
1976,zorzi,2
1977,andersson,0
1977,ashley,0
1977,binder,7
1977,bleekemolen,0
1977,brambilla,54
1977,depailler,76
1977,dryver,0
1977,edwards,0
1977,emerson_fittipaldi,47
1977,ertl,2
1977,francia,0
1977,giacomelli,0
1977,gilles_villeneuve,0
1977,hayje,0
1977,henton,1
1977,heyer,0
1977,hoffmann,6
1977,hoshino,0
1977,hunt,132
1977,ian_scheckter,6
1977,ickx,1
1977,jabouille,0
1977,jarier,16
1977,jones,88
1977,keegan,13
1977,kessel,0
1977,kozarowitzky,0
1977,laffite,89
1977,lauda,220
1977,leoni,0
1977,lunger,5
1977,mario_andretti,148
1977,mass,101
1977,mcguire,0
1977,merzario,0
1977,neve,10
1977,nilsson,76
1977,oliver,2
1977,ongais,6
1977,pace,22
1977,patrese,12
1977,perkins,0
1977,peterson,39
1977,pilette,0
1977,pryce,4
1977,purley,0
1977,rebaque,0
1977,regazzoni,42
1977,reutemann,158
1977,ribeiro,8
1977,scheckter,172
1977,schuppan,6
1977,stuck,69
1977,sutcliffe,0
1977,takahara,0
1977,takahashi,2
1977,tambay,28
1977,trimmer,0
1977,villota,0
1977,watson,41
1977,zorzi,8
1978,arnoux,6
1978,binder,0
1978,bleekemolen,0
1978,brambilla,16
1978,cheever,0
1978,colombo,0
1978,daly,13
1978,depailler,113
1978,emerson_fittipaldi,82
1978,ertl,0
1978,gabbiani,0
1978,galica,0
1978,giacomelli,10
1978,gilles_villeneuve,77
1978,gimax,0
1978,hunt,46
1978,ickx,0
1978,jabouille,13
1978,jarier,4
1978,jones,53
1978,keegan,0
1978,keke_rosberg,1
1978,laffite,101
1978,lauda,134
1978,lees,0
1978,leoni,0
1978,lunger,14
1978,mario_andretti,195
1978,mass,8
1978,merzario,0
1978,ongais,0
1978,patrese,53
1978,peterson,159
1978,piquet,2
1978,pironi,52
1978,rahal,0
1978,rebaque,9
1978,regazzoni,22
1978,reutemann,162
1978,scheckter,87
1978,stommelen,4
1978,stuck,10
1978,tambay,60
1978,trimmer,0
1978,villota,0
1978,watson,110
1979,angelis,25
1979,arnoux,61
1979,brambilla,0
1979,brancatelli,0
1979,daly,6
1979,depailler,75
1979,emerson_fittipaldi,24
1979,gaillard,0
1979,giacomelli,0
1979,gilles_villeneuve,176
1979,hunt,4
1979,ickx,18
1979,jabouille,30
1979,jarier,66
1979,jones,131
1979,keke_rosberg,2
1979,laffite,119
1979,lammers,4
1979,lauda,20
1979,lees,6
1979,mario_andretti,60
1979,mass,40
1979,merzario,0
1979,patrese,13
1979,piquet,32
1979,pironi,75
1979,rebaque,8
1979,regazzoni,112
1979,reutemann,98
1979,ribeiro,0
1979,scheckter,202
1979,stuck,14
1979,surer,0
1979,tambay,9
1979,watson,79
1979,zunino,6
1980,angelis,54
1980,arnoux,101
1980,brambilla,0
1980,cesaris,0
1980,cheever,0
1980,cogan,0
1980,daly,31
1980,depailler,4
1980,desire_wilson,0
1980,emerson_fittipaldi,27
1980,ertl,0
1980,giacomelli,20
1980,gilles_villeneuve,50
1980,jabouille,26
1980,jarier,42
1980,johansson,0
1980,jones,209
1980,keegan,2
1980,keke_rosberg,36
1980,kennedy,0
1980,laffite,119
1980,lammers,1
1980,lees,0
1980,manfred_winkelhock,0
1980,mansell,0
1980,mario_andretti,24
1980,mass,32
1980,needell,0
1980,patrese,36
1980,piquet,172
1980,pironi,116
1980,prost,46
1980,rebaque,15
1980,regazzoni,3
1980,reutemann,169
1980,scheckter,23
1980,south,0
1980,surer,11
1980,thackwell,0
1980,watson,34
1980,zunino,11
1981,alboreto,3
1981,angelis,88
1981,arnoux,52
1981,borgudd,9
1981,cesaris,18
1981,cheever,50
1981,cogan,0
1981,daly,10
1981,francia,0
1981,gabbiani,0
1981,ghinzani,0
1981,giacomelli,35
1981,gilles_villeneuve,84
1981,guerra,0
1981,henton,1
1981,jabouille,0
1981,jarier,17
1981,jones,149
1981,keke_rosberg,3
1981,laffite,147
1981,lammers,0
1981,londono,0
1981,mansell,41
1981,mario_andretti,33
1981,patrese,40
1981,piquet,170
1981,pironi,51
1981,prost,126
1981,rebaque,48
1981,reutemann,162
1981,salazar,8
1981,serra,6
1981,stohr,8
1981,surer,30
1981,tambay,15
1981,villeneuve_sr,0
1981,warwick,0
1981,watson,111
1981,zunino,0
1982,alboreto,113
1982,angelis,93
1982,arnoux,88
1982,baldi,23
1982,boesel,6
1982,borgudd,7
1982,byrne,0
1982,cesaris,27
1982,cheever,57
1982,daly,60
1982,fabi,6
1982,giacomelli,21
1982,gilles_villeneuve,18
1982,guerrero,4
1982,henton,22
1982,jarier,14
1982,keegan,0
1982,keke_rosberg,155
1982,laffite,25
1982,lammers,0
1982,lauda,104
1982,lees,0
1982,manfred_winkelhock,19
1982,mansell,45
1982,mario_andretti,15
1982,mass,15
1982,moreno,0
1982,paletti,1
1982,patrese,68
1982,piquet,65
1982,pironi,126
1982,prost,116
1982,reutemann,18
1982,salazar,14
1982,serra,14
1982,surer,37
1982,tambay,86
1982,villota,0
1982,warwick,1
1982,watson,133
1983,acheson,0
1983,alboreto,43
1983,angelis,12
1983,arnoux,161
1983,baldi,26
1983,boesel,10
1983,boutsen,16
1983,cecotto,9
1983,cesaris,52
1983,cheever,84
1983,corrado_fabi,1
1983,ghinzani,0
1983,giacomelli,20
1983,guerrero,0
1983,jarier,16
1983,johansson,6
1983,jones,0
1983,keke_rosberg,102
1983,laffite,69
1983,lauda,52
1983,manfred_winkelhock,6
1983,mansell,49
1983,palmer,0
1983,patrese,53
1983,piquet,183
1983,prost,185
1983,salazar,0
1983,schlesser,0
1983,serra,14
1983,sullivan,21
1983,surer,45
1983,tambay,139
1983,villeneuve_sr,0
1983,warwick,54
1983,watson,87
1984,alboreto,112
1984,alliot,2
1984,angelis,145
1984,arnoux,122
1984,baldi,12
1984,bellof,4
1984,berger,8
1984,boutsen,31
1984,brundle,10
1984,cecotto,2
1984,cesaris,32
1984,cheever,20
1984,corrado_fabi,6
1984,fabi,39
1984,gartner,10
1984,ghinzani,24
1984,hesnault,16
1984,johansson,13
1984,keke_rosberg,83
1984,laffite,30
1984,lauda,211
1984,manfred_winkelhock,9
1984,mansell,58
1984,martini,0
1984,palmer,11
1984,patrese,41
1984,piquet,99
1984,prost,227
1984,rothengatter,6
1984,senna,70
1984,streiff,0
1984,surer,20
1984,tambay,62
1984,thackwell,0
1984,warwick,81
1985,acheson,0
1985,alboreto,165
1985,alliot,2
1985,angelis,139
1985,arnoux,12
1985,baldi,0
1985,bellof,30
1985,berger,37
1985,boutsen,65
1985,brundle,30
1985,capelli,12
1985,cesaris,13
1985,cheever,3
1985,danner,0
1985,fabi,0
1985,ghinzani,2
1985,hesnault,0
1985,johansson,112
1985,jones,0
1985,keke_rosberg,129
1985,laffite,68
1985,lauda,48
1985,manfred_winkelhock,1
1985,mansell,118
1985,martini,6
1985,palmer,0
1985,patrese,5
1985,piquet,81
1985,prost,233
1985,rothengatter,8
1985,senna,125
1985,streiff,22
1985,surer,41
1985,tambay,61
1985,warwick,42
1985,watson,6
1986,alboreto,61
1986,alliot,14
1986,angelis,4
1986,arnoux,77
1986,berg,0
1986,berger,74
1986,boutsen,30
1986,brundle,49
1986,caffi,0
1986,capelli,0
1986,cesaris,4
1986,cheever,0
1986,danner,14
1986,dumfries,36
1986,fabi,22
1986,ghinzani,0
1986,johansson,93
1986,jones,23
1986,keke_rosberg,88
1986,laffite,65
1986,mansell,223
1986,nannini,0
1986,palmer,10
1986,patrese,26
1986,piquet,217
1986,prost,233
1986,rothengatter,4
1986,senna,174
1986,streiff,32
1986,surer,6
1986,tambay,24
1986,warwick,13
1987,alboreto,64
1987,alliot,29
1987,arnoux,11
1987,berger,117
1987,boutsen,75
1987,brundle,20
1987,caffi,0
1987,campos,1
1987,capelli,11
1987,cesaris,19
1987,cheever,50
1987,dalmas,12
1987,danner,22
1987,fabi,65
1987,fabre,5
1987,forini,0
1987,ghinzani,16
1987,johansson,127
1987,larini,0
1987,mansell,183
1987,modena,0
1987,moreno,8
1987,nannini,0
1987,palmer,60
1987,patrese,31
1987,piquet,228
1987,prost,160
1987,satoru_nakajima,51
1987,senna,192
1987,streiff,39
1987,tarquini,0
1987,warwick,20
1988,alboreto,92
1988,alliot,6
1988,arnoux,1
1988,bailey,2
1988,berger,147
1988,boutsen,129
1988,brundle,6
1988,caffi,15
1988,campos,0
1988,capelli,74
1988,cesaris,20
1988,cheever,48
1988,dalmas,16
1988,ghinzani,0
1988,gugelmin,41
1988,johansson,5
1988,larini,2
1988,larrauri,0
1988,mansell,36
1988,martini,14
1988,modena,0
1988,nannini,64
1988,palmer,28
1988,patrese,56
1988,piquet,97
1988,prost,301
1988,raphanel,0
1988,sala,6
1988,satoru_nakajima,33
1988,schlesser,0
1988,schneider,0
1988,senna,275
1988,streiff,8
1988,suzuki,0
1988,tarquini,4
1988,warwick,90
1989,alboreto,26
1989,alesi,37
1989,alliot,10
1989,arnoux,12
1989,barilla,0
1989,berger,62
1989,bernard,0
1989,bertaggia,0
1989,boutsen,129
1989,brundle,36
1989,caffi,34
1989,capelli,0
1989,cesaris,33
1989,cheever,51
1989,dalmas,0
1989,danner,16
1989,donnelly,0
1989,foitek,0
1989,gachot,0
1989,ghinzani,0
1989,grouillard,20
1989,gugelmin,34
1989,herbert,22
1989,joachim_winkelhock,0
1989,johansson,29
1989,larini,0
1989,larrauri,0
1989,lehto,1
1989,mansell,116
1989,martini,38
1989,modena,20
1989,moreno,2
1989,nannini,119
1989,palmer,28
1989,patrese,136
1989,piquet,62
1989,pirro,17
1989,prost,245
1989,raphanel,0
1989,sala,12
1989,satoru_nakajima,27
1989,schneider,0
1989,senna,174
1989,suzuki,0
1989,tarquini,18
1989,warwick,50
1989,weidler,0
1990,alboreto,5
1990,alesi,72
1990,alliot,5
1990,barilla,1
1990,berger,157
1990,bernard,40
1990,boutsen,130
1990,brabham,0
1990,caffi,29
1990,capelli,31
1990,cesaris,1
1990,dalmas,2
1990,donnelly,14
1990,foitek,6
1990,gachot,0
1990,gary_brabham,0
1990,giacomelli,0
1990,grouillard,0
1990,gugelmin,16
1990,herbert,0
1990,johansson,0
1990,langes,0
1990,larini,17
1990,lehto,0
1990,mansell,120
1990,martini,14
1990,modena,18
1990,morbidelli,0
1990,moreno,24
1990,nannini,85
1990,patrese,105
1990,piquet,169
1990,pirro,1
1990,prost,225
1990,satoru_nakajima,28
1990,schneider,0
1990,senna,231
1990,suzuki,37
1990,tarquini,0
1990,warwick,33
1991,alboreto,0
1991,alesi,87
1991,bailey,8
1991,barbazza,0
1991,bartels,0
1991,berger,145
1991,bernard,10
1991,blundell,12
1991,boutsen,21
1991,brundle,13
1991,caffi,1
1991,capelli,12
1991,cesaris,62
1991,chaves,0
1991,comas,7
1991,gachot,33
1991,grouillard,1
1991,gugelmin,22
1991,hakkinen,14
1991,hattori,0
1991,herbert,8
1991,johansson,0
1991,larini,6
1991,lehto,19
1991,mansell,205
1991,martini,36
1991,michael_schumacher,26
1991,modena,45
1991,morbidelli,22
1991,moreno,49
1991,patrese,176
1991,piquet,115
1991,pirro,23
1991,poele,2
1991,prost,118
1991,satoru_nakajima,15
1991,senna,287
1991,suzuki,8
1991,tarquini,4
1991,wendlinger,0
1991,zanardi,4
1992,alboreto,75
1992,alesi,74
1992,amati,0
1992,belmondo,2
1992,berger,157
1992,boutsen,23
1992,brundle,146
1992,capelli,21
1992,cesaris,50
1992,chiesa,0
1992,comas,41
1992,damon_hill,0
1992,fittipaldi,14
1992,gachot,8
1992,grouillard,4
1992,gugelmin,7
1992,hakkinen,67
1992,herbert,22
1992,katayama,4
1992,lammers,0
1992,larini,0
1992,lehto,23
1992,mansell,279
1992,martini,26
1992,mccarthy,0
1992,michael_schumacher,181
1992,modena,14
1992,morbidelli,11
1992,moreno,0
1992,naspetti,0
1992,patrese,177
1992,poele,1
1992,senna,150
1992,suzuki,22
1992,tarquini,0
1992,wendlinger,17
1992,zanardi,0
1993,alboreto,2
1993,alesi,69
1993,alliot,25
1993,andretti,41
1993,apicella,0
1993,badoer,7
1993,barbazza,16
1993,barrichello,20
1993,berger,62
1993,blundell,66
1993,boutsen,2
1993,brundle,85
1993,capelli,0
1993,cesaris,1
1993,comas,18
1993,damon_hill,204
1993,fittipaldi,44
1993,gounon,0
1993,hakkinen,15
1993,herbert,52
1993,irvine,8
1993,katayama,1
1993,lamy,0
1993,lehto,44
1993,martini,11
1993,michael_schumacher,160
1993,naspetti,0
1993,patrese,88
1993,prost,271
1993,senna,207
1993,suzuki,9
1993,toshio_suzuki,0
1993,warwick,29
1993,wendlinger,40
1993,zanardi,19
1994,adams,0
1994,alboreto,16
1994,alesi,94
1994,alliot,0
1994,barrichello,81
1994,belmondo,0
1994,beretta,12
1994,berger,131
1994,bernard,29
1994,blundell,39
1994,brabham,2
1994,brundle,67
1994,cesaris,20
1994,comas,29
1994,coulthard,58
1994,dalmas,0
1994,damon_hill,252
1994,deletraz,0
1994,fittipaldi,42
1994,frentzen,56
1994,gachot,0
1994,gounon,4
1994,hakkinen,99
1994,herbert,27
1994,inoue,0
1994,irvine,36
1994,katayama,34
1994,lagorce,0
1994,lamy,5
1994,larini,18
1994,lehto,17
1994,mansell,37
1994,martini,33
1994,michael_schumacher,236
1994,montermini,0
1994,morbidelli,20
1994,noda,0
1994,panis,55
1994,ratzenberger,0
1994,salo,1
1994,schiattarella,0
1994,senna,0
1994,suzuki,0
1994,verstappen,44
1994,wendlinger,20
1994,zanardi,2
1995,alesi,137
1995,badoer,11
1995,barrichello,58
1995,berger,122
1995,blundell,72
1995,boullion,25
1995,brundle,40
1995,coulthard,154
1995,damon_hill,196
1995,deletraz,0
1995,diniz,11
1995,frentzen,94
1995,gachot,4
1995,hakkinen,69
1995,herbert,168
1995,inoue,6
1995,irvine,54
1995,katayama,13
1995,lamy,13
1995,lavaggi,0
1995,magnussen,1
1995,mansell,1
1995,martini,12
1995,michael_schumacher,268
1995,montermini,6
1995,morbidelli,25
1995,moreno,0
1995,panis,86
1995,papis,6
1995,salo,50
1995,schiattarella,2
1995,suzuki,12
1995,tarquini,0
1995,verstappen,0
1995,wendlinger,1
1996,alesi,166
1996,badoer,3
1996,barrichello,78
1996,berger,89
1996,brundle,53
1996,coulthard,83
1996,damon_hill,258
1996,diniz,28
1996,fisichella,4
1996,frentzen,50
1996,hakkinen,140
1996,herbert,39
1996,irvine,59
1996,katayama,13
1996,lamy,6
1996,lavaggi,1
1996,marques,0
1996,michael_schumacher,173
1996,montermini,1
1996,panis,72
1996,rosset,8
1996,salo,43
1996,verstappen,19
1996,villeneuve,230
1997,alesi,143
1997,barrichello,18
1997,berger,113
1997,coulthard,120
1997,damon_hill,42
1997,diniz,21
1997,fisichella,97
1997,fontana,4
1997,frentzen,151
1997,hakkinen,105
1997,herbert,91
1997,irvine,95
1997,katayama,2
1997,larini,14
1997,magnussen,9
1997,marques,1
1997,michael_schumacher,229
1997,morbidelli,7
1997,nakano,29
1997,panis,73
1997,ralf_schumacher,65
1997,rosset,0
1997,salo,17
1997,sospiri,0
1997,trulli,28
1997,verstappen,6
1997,villeneuve,222
1997,wurz,15
1998,alesi,67
1998,barrichello,23
1998,coulthard,185
1998,damon_hill,90
1998,diniz,20
1998,fisichella,91
1998,frentzen,91
1998,hakkinen,271
1998,herbert,30
1998,irvine,173
1998,magnussen,9
1998,michael_schumacher,243
1998,nakano,16
1998,panis,2
1998,ralf_schumacher,67
1998,rosset,4
1998,salo,14
1998,takagi,4
1998,trulli,11
1998,tuero,4
1998,verstappen,0
1998,villeneuve,115
1998,wurz,86
1999,alesi,30
1999,badoer,8
1999,barrichello,98
1999,coulthard,148
1999,damon_hill,49
1999,diniz,24
1999,fisichella,58
1999,frentzen,181
1999,gene,20
1999,hakkinen,216
1999,herbert,54
1999,irvine,237
1999,michael_schumacher,133
1999,panis,26
1999,ralf_schumacher,141
1999,rosa,9
1999,salo,51
1999,sarrazin,0
1999,takagi,10
1999,trulli,50
1999,villeneuve,7
1999,wurz,43
1999,zanardi,15
1999,zonta,8
2000,alesi,3
2000,barrichello,205
2000,burti,0
2000,button,67
2000,coulthard,232
2000,diniz,21
2000,fisichella,80
2000,frentzen,61
2000,gene,10
2000,hakkinen,258
2000,heidfeld,8
2000,herbert,19
2000,irvine,42
2000,mazzacane,6
2000,michael_schumacher,286
2000,ralf_schumacher,105
2000,rosa,20
2000,salo,62
2000,trulli,44
2000,verstappen,29
2000,villeneuve,92
2000,wurz,31
2000,zonta,36
2001,alesi,57
2001,alonso,1
2001,barrichello,195
2001,bernoldi,7
2001,burti,10
2001,button,25
2001,coulthard,211
2001,enge,0
2001,fisichella,40
2001,frentzen,43
2001,hakkinen,129
2001,heidfeld,77
2001,irvine,39
2001,marques,4
2001,mazzacane,0
2001,michael_schumacher,327
2001,montoya,95
2001,panis,48
2001,raikkonen,66
2001,ralf_schumacher,156
2001,rosa,22
2001,trulli,62
2001,verstappen,24
2001,villeneuve,73
2001,yoong,0
2001,zonta,6
2002,barrichello,223
2002,bernoldi,0
2002,button,80
2002,coulthard,160
2002,davidson,0
2002,fisichella,55
2002,frentzen,16
2002,heidfeld,67
2002,irvine,46
2002,massa,46
2002,mcnish,14
2002,michael_schumacher,380
2002,montoya,175
2002,panis,24
2002,raikkonen,87
2002,ralf_schumacher,157
2002,rosa,13
2002,salo,34
2002,sato,20
2002,trulli,53
2002,villeneuve,45
2002,webber,15
2002,yoong,7
2003,alonso,137
2003,barrichello,163
2003,baumgartner,0
2003,button,52
2003,coulthard,126
2003,firman,5
2003,fisichella,33
2003,frentzen,37
2003,gene,10
2003,heidfeld,27
2003,kiesa,0
2003,matta,34
2003,michael_schumacher,236
2003,montoya,196
2003,panis,21
2003,pizzonia,5
2003,raikkonen,213
2003,ralf_schumacher,146
2003,sato,8
2003,trulli,87
2003,verstappen,3
2003,villeneuve,23
2003,webber,50
2003,wilson,4
2004,alonso,146
2004,barrichello,271
2004,baumgartner,7
2004,bruni,0
2004,button,206
2004,coulthard,71
2004,fisichella,71
2004,gene,1
2004,glock,6
2004,heidfeld,11
2004,klien,12
2004,massa,43
2004,matta,11
2004,michael_schumacher,367
2004,montoya,146
2004,panis,20
2004,pantano,0
2004,pizzonia,18
2004,raikkonen,112
2004,ralf_schumacher,61
2004,sato,89
2004,trulli,117
2004,villeneuve,2
2004,webber,29
2004,zonta,1
2005,albers,10
2005,alonso,322
2005,barrichello,103
2005,button,99
2005,coulthard,69
2005,davidson,0
2005,doornbos,0
2005,fisichella,145
2005,friesacher,8
2005,heidfeld,68
2005,karthikeyan,12
2005,klien,36
2005,liuzzi,6
2005,massa,40
2005,michael_schumacher,153
2005,monteiro,21
2005,montoya,150
2005,pizzonia,6
2005,raikkonen,281
2005,ralf_schumacher,122
2005,rosa,10
2005,sato,7
2005,trulli,116
2005,villeneuve,27
2005,webber,93
2005,wurz,15
2005,zonta,0
2006,albers,1
2006,alonso,321
2006,barrichello,83
2006,button,142
2006,coulthard,44
2006,doornbos,0
2006,fisichella,183
2006,heidfeld,68
2006,ide,0
2006,klien,8
2006,kubica,19
2006,liuzzi,7
2006,massa,200
2006,michael_schumacher,296
2006,montagny,0
2006,monteiro,2
2006,montoya,63
2006,raikkonen,158
2006,ralf_schumacher,60
2006,rosa,48
2006,rosberg,17
2006,sato,1
2006,speed,4
2006,trulli,47
2006,villeneuve,22
2006,webber,24
2006,yamamoto,0
2007,albers,0
2007,alonso,266
2007,barrichello,6
2007,button,19
2007,coulthard,39
2007,davidson,0
2007,fisichella,63
2007,hamilton,265
2007,heidfeld,151
2007,kovalainen,87
2007,kubica,102
2007,liuzzi,10
2007,markus_winkelhock,0
2007,massa,228
2007,nakajima,1
2007,raikkonen,272
2007,ralf_schumacher,18
2007,rosberg,58
2007,sato,12
2007,speed,2
2007,sutil,4
2007,trulli,27
2007,vettel,16
2007,webber,35
2007,wurz,36
2007,yamamoto,0
2008,alonso,154
2008,barrichello,29
2008,bourdais,14
2008,button,11
2008,coulthard,28
2008,davidson,0
2008,fisichella,1
2008,glock,67
2008,hamilton,243
2008,heidfeld,150
2008,kovalainen,136
2008,kubica,186
2008,massa,240
2008,nakajima,28
2008,piquet_jr,49
2008,raikkonen,189
2008,rosberg,49
2008,sato,0
2008,sutil,0
2008,trulli,86
2008,vettel,93
2008,webber,65
2009,alguersuari,0
2009,alonso,73
2009,badoer,0
2009,barrichello,196
2009,bourdais,9
2009,buemi,20
2009,button,252
2009,fisichella,23
2009,glock,76
2009,grosjean,0
2009,hamilton,126
2009,heidfeld,60
2009,kobayashi,9
2009,kovalainen,60
2009,kubica,47
2009,liuzzi,0
2009,massa,57
2009,nakajima,5
2009,piquet_jr,1
2009,raikkonen,124
2009,rosberg,96
2009,sutil,15
2009,trulli,88
2009,vettel,206
2009,webber,174
2010,alguersuari,5
2010,alonso,252
2010,barrichello,47
2010,bruno_senna,0
2010,buemi,8
2010,button,214
2010,chandhok,0
2010,glock,0
2010,grassi,0
2010,hamilton,240
2010,heidfeld,6
2010,hulkenberg,22
2010,klien,0
2010,kobayashi,32
2010,kovalainen,0
2010,kubica,136
2010,liuzzi,21
2010,massa,144
2010,michael_schumacher,72
2010,petrov,27
2010,rosa,6
2010,rosberg,142
2010,sutil,47
2010,trulli,0
2010,vettel,256
2010,webber,242
2010,yamamoto,0
2011,alguersuari,26
2011,alonso,257
2011,ambrosio,0
2011,barrichello,4
2011,bruno_senna,2
2011,buemi,15
2011,button,270
2011,chandhok,0
2011,glock,0
2011,hamilton,227
2011,heidfeld,34
2011,karthikeyan,0
2011,kobayashi,30
2011,kovalainen,0
2011,liuzzi,0
2011,maldonado,1
2011,massa,118
2011,michael_schumacher,76
2011,perez,14
2011,petrov,37
2011,resta,27
2011,ricciardo,0
2011,rosa,0
2011,rosberg,89
2011,sutil,42
2011,trulli,0
2011,vettel,392
2011,webber,258
2012,alonso,278
2012,ambrosio,0
2012,bruno_senna,31
2012,button,188
2012,glock,0
2012,grosjean,96
2012,hamilton,190
2012,hulkenberg,63
2012,karthikeyan,0
2012,kobayashi,60
2012,kovalainen,0
2012,maldonado,45
2012,massa,122
2012,michael_schumacher,49
2012,perez,66
2012,petrov,0
2012,pic,0
2012,raikkonen,207
2012,resta,46
2012,ricciardo,10
2012,rosa,0
2012,rosberg,93
2012,vergne,16
2012,vettel,281
2012,webber,179
2013,alonso,242
2013,bottas,4
2013,button,73
2013,chilton,0
2013,garde,0
2013,grosjean,132
2013,gutierrez,6
2013,hamilton,189
2013,hulkenberg,51
2013,jules_bianchi,0
2013,kovalainen,0
2013,maldonado,1
2013,massa,112
2013,perez,49
2013,pic,0
2013,raikkonen,183
2013,resta,48
2013,ricciardo,20
2013,rosberg,171
2013,sutil,29
2013,vergne,13
2013,vettel,397
2013,webber,199
2014,alonso,159
2014,bottas,171
2014,button,116
2014,chilton,0
2014,ericsson,0
2014,grosjean,8
2014,gutierrez,0
2014,hamilton,359
2014,hulkenberg,88
2014,jules_bianchi,2
2014,kevin_magnussen,55
2014,kobayashi,0
2014,kvyat,8
2014,lotterer,0
2014,maldonado,2
2014,massa,116
2014,perez,53
2014,raikkonen,54
2014,ricciardo,226
2014,rosberg,317
2014,stevens,0
2014,sutil,0
2014,vergne,22
2014,vettel,163
2015,alonso,11
2015,bottas,136
2015,button,16
2015,ericsson,9
2015,grosjean,51
2015,hamilton,381
2015,hulkenberg,58
2015,kevin_magnussen,0
2015,kvyat,95
2015,maldonado,27
2015,massa,121
2015,max_verstappen,49
2015,merhi,0
2015,nasr,27
2015,perez,78
2015,raikkonen,150
2015,ricciardo,92
2015,rosberg,322
2015,rossi,0
2015,sainz,18
2015,stevens,0
2015,vettel,278
2016,alonso,54
2016,bottas,85
2016,button,21
2016,ericsson,0
2016,grosjean,29
2016,gutierrez,0
2016,hamilton,380
2016,haryanto,0
2016,hulkenberg,72
2016,jolyon_palmer,1
2016,kevin_magnussen,7
2016,kvyat,25
2016,massa,53
2016,max_verstappen,204
2016,nasr,2
2016,ocon,0
2016,perez,101
2016,raikkonen,186
2016,ricciardo,256
2016,rosberg,385
2016,sainz,46
2016,vandoorne,1
2016,vettel,212
2016,wehrlein,1
2017,alonso,17
2017,bottas,305
2017,brendon_hartley,0
2017,button,0
2017,ericsson,0
2017,gasly,0
2017,giovinazzi,0
2017,grosjean,28
2017,hamilton,363
2017,hulkenberg,43
2017,jolyon_palmer,8
2017,kevin_magnussen,19
2017,kvyat,5
2017,massa,43
2017,max_verstappen,168
2017,ocon,87
2017,perez,100
2017,raikkonen,205
2017,resta,0
2017,ricciardo,200
2017,sainz,54
2017,stroll,40
2017,vandoorne,13
2017,vettel,317
2017,wehrlein,5
2018,alonso,50
2018,bottas,247
2018,brendon_hartley,4
2018,ericsson,9
2018,gasly,29
2018,grosjean,37
2018,hamilton,408
2018,hulkenberg,69
2018,kevin_magnussen,56
2018,leclerc,39
2018,max_verstappen,249
2018,ocon,49
2018,perez,62
2018,raikkonen,251
2018,ricciardo,170
2018,sainz,53
2018,sirotkin,1
2018,stroll,6
2018,vandoorne,12
2018,vettel,320
2019,albon,92
2019,bottas,324
2019,gasly,93
2019,giovinazzi,14
2019,grosjean,8
2019,hamilton,407
2019,hulkenberg,37
2019,kevin_magnussen,20
2019,kubica,1
2019,kvyat,37
2019,leclerc,260
2019,max_verstappen,275
2019,norris,49
2019,perez,52
2019,raikkonen,43
2019,ricciardo,54
2019,russell,0
2019,sainz,96
2019,stroll,21
2019,vettel,238
2020,aitken,0
2020,albon,105
2020,bottas,221
2020,gasly,75
2020,giovinazzi,4
2020,grosjean,2
2020,hamilton,341
2020,hulkenberg,10
2020,kevin_magnussen,1
2020,kvyat,32
2020,latifi,0
2020,leclerc,98
2020,max_verstappen,211
2020,norris,95
2020,ocon,62
2020,perez,125
2020,pietro_fittipaldi,0
2020,raikkonen,4
2020,ricciardo,117
2020,russell,2
2020,sainz,104
2020,stroll,75
2020,vettel,33
2021,alonso,81
2021,bottas,216
2021,gasly,113
2021,giovinazzi,3
2021,hamilton,387
2021,kubica,0
2021,latifi,8
2021,leclerc,161
2021,max_verstappen,396
2021,mazepin,0
2021,mick_schumacher,0
2021,norris,159
2021,ocon,77
2021,perez,189
2021,raikkonen,10
2021,ricciardo,119
2021,russell,25
2021,sainz,164
2021,stroll,34
2021,tsunoda,32
2021,vettel,48
2022,albon,4
2022,alonso,81
2022,bottas,47
2022,de_vries,2
2022,gasly,23
2022,hamilton,231
2022,hulkenberg,0
2022,kevin_magnussen,21
2022,latifi,2
2022,leclerc,288
2022,max_verstappen,428
2022,mick_schumacher,12
2022,norris,114
2022,ocon,89
2022,perez,288
2022,ricciardo,34
2022,russell,259
2022,sainz,226
2022,stroll,18
2022,tsunoda,12
2022,vettel,37
2022,zhou,6
